{"cameraMode":{"drawMode":0,"name":"Shaded","section":"Shading Mode"},"sceneLighting":true,"audioPlay":false,"sceneViewState":{"m_AlwaysRefresh":false,"showFog":true,"showSkybox":true,"showFlares":true,"showImageEffects":true,"showParticleSystems":true,"showVisualEffectGraphs":true,"m_FxEnabled":true},"in2DMode":false,"pivot":{"x":0.17356441915035249,"y":0.9846345782279968,"z":3.2371327877044679},"rotation":{"x":0.7052994966506958,"y":-0.037154339253902438,"z":0.03706611692905426,"w":0.7069780230522156},"size":1.8073949813842774,"orthographic":false}