{"cameraMode":{"drawMode":0,"name":"Shaded","section":"Shading Mode"},"sceneLighting":false,"audioPlay":false,"sceneViewState":{"m_AlwaysRefresh":false,"showFog":true,"showSkybox":true,"showFlares":true,"showImageEffects":true,"showParticleSystems":true,"showVisualEffectGraphs":true,"m_FxEnabled":true},"in2DMode":false,"pivot":{"x":0.4303662180900574,"y":0.649416446685791,"z":1.4407366514205933},"rotation":{"x":0.5409040451049805,"y":-0.45909714698791506,"z":0.49787577986717226,"w":0.4987737536430359},"size":2.4755311012268068,"orthographic":false}