{"cameraMode":{"drawMode":0,"name":"Shaded","section":"Shading Mode"},"sceneLighting":false,"audioPlay":false,"sceneViewState":{"m_AlwaysRefresh":false,"showFog":true,"showSkybox":true,"showFlares":true,"showImageEffects":true,"showParticleSystems":true,"showVisualEffectGraphs":true,"m_FxEnabled":true},"in2DMode":false,"pivot":{"x":-2.7278823852539064,"y":1.408261775970459,"z":2.1254940032958986},"rotation":{"x":0.17531752586364747,"y":-0.7649533748626709,"z":0.23361141979694367,"w":0.5740670561790466},"size":4.0943074226379398,"orthographic":false}