{"cameraMode":{"drawMode":0,"name":"Shaded","section":"Shading Mode"},"sceneLighting":false,"audioPlay":false,"sceneViewState":{"m_AlwaysRefresh":false,"showFog":false,"showSkybox":false,"showFlares":false,"showImageEffects":false,"showParticleSystems":false,"showVisualEffectGraphs":true,"m_FxEnabled":true},"in2DMode":false,"pivot":{"x":-0.4748305082321167,"y":0.26949816942214968,"z":-0.25690340995788576},"rotation":{"x":-0.045739345252513888,"y":0.8366506099700928,"z":-0.07070569694042206,"w":-0.5412366390228272},"size":0.7548651099205017,"orthographic":false}